epoch,step,min,max,mean,std
1,1000,-11.874506950378418,9.520858764648438,-0.018890023231506348,3.4273898601531982
