epoch,step,min,max,mean,std
1,1000,-25.092937469482422,24.550981521606445,-0.22847123444080353,4.4976277351379395
