epoch,step,min,max,mean,std
1,1000,-18.138046264648438,14.919259071350098,-0.005209080409258604,2.314460039138794
