epoch,step,min,max,mean,std
1,1000,-7.9848833084106445,7.536901473999023,0.04993969202041626,0.9187561273574829
