epoch,step,min,max,mean,std
1,1000,-8.003399848937988,7.016480445861816,0.13677217066287994,2.4227325916290283
