epoch,step,min,max,mean,std
1,1000,-23.837787628173828,23.64438247680664,-1.4912556409835815,10.933697700500488
