epoch,step,min,max,mean,std
1,1000,-28.59670639038086,32.28252029418945,-0.5476757884025574,12.88647174835205
