epoch,step,min,max,mean,std
1,1000,-2.5010197162628174,2.6929972171783447,-0.30425241589546204,0.736828625202179
