epoch,step,min,max,mean,std
1,1000,-1.208857774734497,1.3258239030838013,-0.24927940964698792,0.628952145576477
