epoch,step,min,max,mean,std
1,1000,-5.415365695953369,-5.415365695953369,-5.415365695953369,0.0
