epoch,step,min,max,mean,std
1,1000,-110.57838439941406,0.01440210361033678,-40.936790466308594,39.217384338378906
