epoch,step,min,max,mean,std
1,1000,-153.1782989501953,0.02160831354558468,-55.826236724853516,56.35586929321289
