epoch,step,min,max,mean,std
1,1000,-0.7843471765518188,0.8176847696304321,-0.25200238823890686,0.38845670223236084
