epoch,step,min,max,mean,std
1,1000,-20.257049560546875,25.844043731689453,-4.511018753051758,6.155206203460693
