epoch,step,min,max,mean,std
1,1000,-50.390621185302734,39.47954559326172,-1.5434887409210205,4.606247901916504
