epoch,step,min,max,mean,std
1,1000,-32.698516845703125,22.649539947509766,-1.2562533617019653,3.314046859741211
