epoch,step,min,max,mean,std
1,1000,-1.7230478525161743,1.802356243133545,-0.28275585174560547,0.4613174796104431
