epoch,step,min,max,mean,std
1,1000,-7.461006164550781,-7.461006164550781,-7.461006164550781,0.0
