epoch,step,min,max,mean,std
1,1000,-13.543901443481445,14.830052375793457,-3.5460939407348633,3.922725200653076
