epoch,step,min,max,mean,std
1,1000,0.8496267795562744,0.8496267795562744,0.8496267795562744,0.0
