epoch,step,min,max,mean,std
1,1000,-0.11388318985700607,0.13271598517894745,0.02015480026602745,0.07735459506511688
