epoch,step,min,max,mean,std
1,1000,-2.0326576232910156,1.3811880350112915,0.2858002781867981,0.7402546405792236
