epoch,step,min,max,mean,std
1,1000,0.0,11.595904350280762,4.030520439147949,4.279768943786621
