epoch,step,min,max,mean,std
1,1000,-0.26737186312675476,0.2989540100097656,0.018286701291799545,0.07069572061300278
