epoch,step,min,max,mean,std
1,1000,-4.197174549102783,3.1856942176818848,0.10717719048261642,0.5310932397842407
